id,seq,delay
1,0,375
1,1,326
1,2,329
1,3,281
1,4,235
4,0,379
4,1,324
4,2,273
4,3,330
1,5,342
1,6,297
1,7,249
4,4,317
1,8,221
4,5,264
1,9,180
4,6,261
1,10,178
4,7,246
1,11,175
3,0,589
3,1,538
4,8,238
3,2,490
4,9,190
3,3,446
3,4,394
1,12,173
3,5,365
3,6,313
3,7,263
1,13,178
4,10,243
1,14,174
4,11,236
3,8,357
3,9,305
1,15,176
3,10,261
4,12,242
1,16,178
3,11,269
4,13,237
4,14,191
1,17,177
3,12,260
4,15,204
1,18,175
1,19,173
4,16,236
3,13,353
3,14,301
1,20,174
4,17,234
4,18,184
1,21,174
3,15,356
3,16,304
1,22,175
4,19,241
1,23,180
4,20,233
3,17,353
1,24,176
4,21,231
3,18,353
3,19,301
3,20,259
1,25,175
4,22,241
3,21,260
1,26,174
4,23,239
3,22,265
1,27,176
4,24,238
3,23,260
1,28,173
4,25,242
3,24,260
1,29,176
4,26,228
4,27,188
3,25,259
1,30,175
3,26,259
1,31,176
4,28,231
3,27,260
1,32,176
4,29,241
3,28,258
1,33,171
4,30,239
3,29,258
1,34,174
4,31,230
4,32,188
3,30,262
1,35,173
3,31,259
1,36,174
4,33,239
4,34,188
3,32,260
1,37,177
3,33,259
1,38,172
4,35,228
1,39,171
4,36,227
1,40,170
4,37,230
4,38,189
3,34,356
3,35,304
1,41,174
4,39,187
1,42,172
3,36,359
3,37,307
1,43,176
4,40,231
1,44,172
4,41,239
3,38,357
1,45,177
4,42,240
4,43,190
3,39,354
3,40,304
3,41,261
1,46,176
3,42,263
1,47,178
4,44,239
4,45,187
3,43,260
1,48,175
3,44,261
1,49,175
4,46,227
1,50,174
4,47,239
1,51,177
4,48,236
4,49,186
3,45,358
1,52,177
4,50,182
3,46,355
1,53,173
3,47,354
1,54,173
4,51,242
3,48,359
1,55,178
4,52,241
4,53,192
3,49,353
1,56,177
4,54,190
1,57,176
3,50,361
3,51,353
3,52,300
1,58,172
3,53,261
4,55,241
1,59,173
3,54,260
4,56,240
1,60,174
3,55,262
4,57,239
4,58,189
1,61,173
4,59,188
1,62,175
1,63,172
3,56,361
4,60,238
4,61,185
3,57,356
1,64,178
1,65,176
3,58,358
4,62,234
3,59,357
1,66,178
4,63,234
3,60,355
1,67,177
4,64,227
3,61,357
1,68,178
4,65,230
1,69,172
3,62,356
4,66,241
1,70,173
3,63,358
4,67,230
3,64,355
1,71,175
4,68,228
4,69,190
1,72,172
3,65,355
3,66,303
3,67,259
1,73,173
4,70,238
1,74,176
4,71,240
3,68,358
1,75,178
4,72,236
4,73,186
3,69,353
1,76,178
3,70,354
1,77,174
4,74,235
1,78,175
4,75,223
3,71,362
3,72,356
1,79,176
4,76,233
3,73,353
3,74,301
1,80,174
3,75,259
4,77,237
1,81,174
3,76,258
4,78,236
4,79,186
1,82,179
3,77,263
1,83,180
4,80,236
1,84,173
1,85,173
3,78,352
4,81,287
4,82,236
1,86,173
3,79,355
4,83,237
1,87,171
3,80,357
3,81,306
3,82,261
4,84,236
4,85,185
1,88,175
1,89,174
4,86,237
1,90,173
3,83,355
4,87,238
1,91,172
3,84,356
4,88,236
1,92,191
3,85,372
4,89,241
4,90,190
1,93,172
3,86,353
1,94,175
3,87,355
4,91,233
4,92,191
1,95,174
3,88,352
3,89,352
3,90,300
1,96,175
4,93,231
1,97,175
4,94,239
3,91,349
3,92,297
1,98,174
3,93,260
4,95,238
1,99,175
3,94,259
4,96,237
1,100,173
4,97,236
4,98,186
1,101,172
4,99,187
1,102,173
3,95,355
1,103,173
3,96,354
4,100,227
4,101,182
1,104,174
3,97,358
4,102,184
3,98,352
1,105,175
3,99,352
1,106,174
4,103,233
4,104,185
1,107,173
3,100,354
4,105,182
1,108,174
3,101,353
1,109,175
3,102,353
4,106,241
4,107,192
3,103,352
3,104,300
1,110,181
3,105,264
1,111,172
3,106,262
4,108,237
1,112,172
4,109,234
4,110,196
1,113,175
4,111,183
1,114,174
3,107,357
1,115,172
3,108,371
4,112,241
1,116,173
3,109,355
4,113,235
3,110,351
1,117,174
4,114,233
4,115,192
1,118,173
3,111,355
1,119,171
3,112,356
3,113,304
4,116,242
1,120,171
4,117,230
1,121,174
3,114,356
4,118,241
4,119,190
1,122,171
3,115,356
1,123,171
3,116,352
3,117,300
3,118,261
4,120,238
1,124,172
3,119,260
4,121,237
1,125,174
4,122,237
1,126,188
4,123,237
4,124,188
1,127,174
3,120,356
3,121,304
3,122,260
4,125,195
1,128,174
4,126,175
3,123,261
1,129,168
4,127,176
3,124,259
1,130,168
4,128,181
3,125,260
1,131,168
4,129,177
3,126,260
1,132,167
4,130,175
3,127,260
1,133,167
4,131,175
3,128,259
1,134,167
4,132,177
3,129,260
1,135,168
4,133,177
3,130,263
1,136,167
4,134,176
3,131,261
1,137,166
4,135,182
3,132,261
1,138,165
4,136,176
3,133,264
1,139,167
4,137,176
3,134,261
1,140,167
4,138,176
3,135,260
1,141,168
4,139,176
3,136,258
1,142,173
4,140,179
3,137,273
1,143,168
4,141,181
3,138,265
1,144,168
4,142,175
3,139,264
1,145,185
4,143,186
3,140,262
1,146,169
4,144,176
3,141,258
1,147,168
4,145,175
3,142,261
1,148,170
4,146,178
3,143,262
1,149,169
4,147,178
3,144,263
1,150,169
4,148,177
3,145,259
1,151,167
4,149,177
3,146,260
1,152,171
4,150,180
3,147,260
1,153,171
4,151,179
3,148,259
1,154,172
4,152,178
3,149,260
1,155,171
4,153,199
3,150,259
1,156,171
4,154,176
3,151,264
1,157,170
4,155,177
3,152,262
1,158,167
4,156,178
3,153,262
1,159,173
4,157,179
3,154,258
1,160,172
4,158,179
3,155,258
1,161,169
4,159,176
3,156,258
1,162,167
4,160,176
3,157,260
1,163,168
4,161,176
3,158,260
1,164,166
4,162,176
3,159,259
1,165,168
4,163,176
3,160,258
1,166,167
4,164,176
3,161,260
1,167,173
4,165,182
3,162,262
4,166,176
1,168,169
3,163,259
1,169,167
4,167,177
3,164,260
1,170,167
4,168,176
3,165,270
1,171,168
4,169,176
3,166,259
1,172,168
4,170,174
3,167,261
4,171,177
1,173,171
1,174,166
4,172,175
3,168,276
3,169,259
1,175,184
4,173,193
3,170,260
1,176,167
4,174,176
3,171,260
1,177,167
4,175,175
3,172,260
1,178,167
4,176,177
3,173,261
1,179,170
3,174,260
1,180,168
3,175,261
1,181,174
3,176,262
1,182,171
3,177,259
1,183,177
3,178,263
1,184,169
3,179,263
1,185,173
3,180,260
1,186,170
3,181,259
1,187,167
3,182,262
4,177,630
4,178,579
4,179,528
4,180,476
4,181,425
4,182,374
4,183,323
4,184,271
4,185,220
1,188,171
4,186,187
3,183,262
4,187,175
1,189,174
3,184,259
1,190,172
4,188,195
3,185,259
4,189,178
1,191,175
3,186,261
4,190,176
1,192,171
3,187,265
4,191,176
1,193,169
3,188,261
4,192,177
1,194,169
3,189,262
4,193,179
1,195,170
4,194,178
3,190,265
1,196,168
3,191,261
4,195,177
1,197,170
3,192,260
4,196,177
1,198,170
3,193,259
4,197,180
1,199,170
3,194,259
4,198,178
1,200,169
3,195,260
4,199,176
1,201,169
4,200,178
1,202,168
4,201,179
1,203,170
4,202,184
1,204,168
4,203,200
1,205,186
4,204,180
1,206,170
4,205,176
1,207,174
4,206,177
1,208,168
4,207,178
1,209,166
3,196,662
3,197,610
3,198,559
3,199,507
3,200,455
3,201,402
3,202,351
3,203,300
3,204,261
4,208,177
1,210,168
3,205,258
4,209,182
1,211,171
3,206,260
4,210,177
1,212,176
3,207,264
1,213,174
4,211,182
3,208,258
1,214,168
4,212,181
3,209,259
1,215,173
4,213,177
3,210,260
1,216,170
4,214,180
3,211,259
1,217,170
4,215,177
3,212,261
1,218,167
4,216,177
3,213,261
4,217,175
1,219,175
3,214,260
1,220,169
4,218,181
3,215,264
1,221,171
4,219,176
3,216,261
1,222,170
4,220,180
3,217,263
4,221,176
1,223,177
3,218,261
1,224,169
4,222,178
1,225,168
4,223,179
1,226,170
4,224,178
3,219,361
3,220,310
3,221,261
1,227,168
4,225,176
3,222,278
1,228,173
4,226,179
3,223,260
1,229,171
4,227,178
3,224,259
1,230,175
4,228,178
3,225,260
1,231,172
4,229,179
3,226,260
1,232,172
4,230,177
3,227,258
1,233,168
4,231,176
3,228,258
1,234,167
4,232,178
3,229,262
1,235,165
4,233,179
3,230,260
1,236,169
4,234,180
3,231,258
1,237,166
4,235,176
3,232,262
1,238,167
4,236,176
3,233,260
1,239,167
4,237,176
3,234,260
1,240,167
4,238,178
3,235,258
1,241,167
4,239,178
3,236,260
1,242,171
4,240,177
3,237,260
1,243,172
4,241,183
3,238,260
1,244,167
4,242,179
3,239,262
1,245,170
4,243,175
3,240,261
1,246,167
4,244,176
3,241,258
1,247,164
4,245,175
3,242,259
1,248,166
4,246,182
3,243,260
1,249,165
4,247,175
3,244,259
1,250,167
4,248,175
3,245,261
1,251,169
4,249,175
3,246,261
1,252,166
4,250,178
3,247,262
1,253,170
4,251,175
3,248,260
1,254,168
4,252,175
3,249,260
1,255,166
4,253,179
3,250,258
1,256,171
4,254,177
3,251,260
1,257,167
4,255,175
3,252,262
1,258,168
4,256,175
3,253,260
4,257,177
1,259,174
3,254,260
1,260,171
4,258,176
3,255,259
4,259,176
1,261,175
3,256,260
1,262,174
4,260,179
3,257,262
1,263,166
4,261,176
3,258,259
1,264,166
4,262,177
3,259,260
1,265,173
4,263,177
3,260,259
1,266,167
4,264,178
3,261,260
1,267,172
4,265,177
3,262,262
1,268,171
4,266,177
3,263,260
1,269,167
4,267,176
3,264,262
1,270,166
4,268,176
3,265,258
1,271,167
4,269,178
3,266,264
1,272,167
4,270,177
3,267,261
1,273,166
4,271,179
3,268,258
1,274,168
4,272,177
3,269,259
1,275,166
4,273,178
3,270,261
1,276,167
4,274,178
3,271,260
1,277,168
4,275,177
3,272,261
1,278,169
4,276,185
3,273,262
1,279,173
4,277,180
3,274,261
1,280,170
4,278,181
3,275,260
1,281,166
4,279,175
3,276,261
1,282,180
4,280,178
3,277,258
1,283,176
3,278,260
1,284,193
4,281,239
4,282,189
1,285,177
4,283,185
1,286,174
3,279,359
3,280,307
4,284,189
1,287,174
4,285,191
1,288,173
3,281,357
4,286,191
1,289,172
3,282,359
1,290,173
3,283,351
3,284,299
4,287,240
3,285,261
1,291,174
4,288,237
4,289,187
3,286,263
1,292,177
4,290,185
1,293,175
1,294,174
3,287,354
4,291,242
1,295,173
3,288,358
4,292,243
4,293,192
1,296,176
3,289,355
3,290,304
3,291,260
1,297,176
4,294,241
3,292,258
4,295,200
1,298,171
1,299,173
4,296,237
1,300,177
3,293,356
3,294,304
4,297,241
3,295,260
1,301,172
4,298,240
3,296,259
1,302,172
4,299,244
3,297,274
1,303,174
4,300,242
3,298,260
1,304,174
4,301,240
4,302,189
3,299,261
1,305,176
4,303,188
1,306,176
4,304,187
1,307,177
4,305,188
3,300,356
1,308,175
3,301,357
3,302,306
3,303,262
1,309,175
4,306,224
1,310,174
4,307,234
1,311,170
4,308,232
3,304,359
3,305,307
1,312,173
4,309,244
1,313,175
4,310,233
3,306,353
1,314,176
4,311,241
4,312,192
3,307,359
3,308,308
1,315,173
1,316,176
4,313,243
4,314,192
3,309,356
1,317,175
3,310,356
1,318,172
4,315,230
3,311,357
1,319,174
4,316,230
3,312,353
1,320,177
4,317,237
3,313,353
1,321,175
4,318,238
3,314,352
3,315,300
3,316,259
4,319,232
4,320,188
3,317,260
4,321,192
4,322,188
4,323,189
3,318,355
3,319,320
3,320,268
4,324,185
4,325,185
4,326,186
3,321,351
4,327,187
3,322,352
3,323,301
3,324,262
1,322,621
1,323,569
1,324,517
1,325,466
1,326,414
1,327,362
1,328,311
1,329,260
1,330,206
4,328,205
3,325,262
1,331,181
3,326,280
1,332,179
4,329,240
1,333,175
4,330,237
4,331,187
1,334,181
4,332,188
3,327,360
1,335,172
4,333,189
3,328,356
1,336,178
4,334,189
3,329,355
1,337,177
4,335,186
3,330,350
1,338,174
4,336,186
3,331,355
1,339,178
4,337,182
3,332,355
1,340,176
3,333,351
1,341,177
4,338,239
3,334,351
1,342,175
4,339,249
4,340,197
3,335,353
1,343,171
4,341,188
3,336,356
1,344,170
3,337,352
1,345,173
4,342,240
3,338,352
1,346,172
4,343,237
3,339,351
1,347,175
4,344,232
3,340,353
3,341,301
3,342,261
1,348,174
4,345,231
3,343,259
1,349,172
4,346,241
1,350,173
4,347,232
1,351,172
4,348,232
3,344,355
1,352,173
4,349,241
3,345,354
1,353,174
4,350,231
3,346,352
1,354,173
4,351,241
3,347,353
1,355,174
4,352,239
3,348,351
3,349,300
3,350,261
4,353,230
1,356,177
4,354,189
3,351,260
1,357,173
3,352,260
4,355,230
1,358,175
4,356,187
3,353,267
1,359,173
3,354,262
1,360,176
4,357,237
4,358,188
3,355,258
1,361,174
4,359,182
1,362,183
4,360,191
1,363,172
3,356,355
4,361,236
4,362,192
1,364,186
3,357,350
3,358,298
3,359,261
1,365,172
4,363,231
1,366,172
4,364,183
1,367,175
3,360,354
4,365,232
1,368,173
3,361,361
3,362,309
3,363,260
1,369,176
4,366,240
3,364,265
4,367,234
1,370,176
4,368,241
1,371,180
4,369,229
1,372,179
3,365,356
4,370,231
1,373,173
4,371,235
4,372,183
1,374,173
1,375,175
4,373,235
4,374,184
1,376,176
1,377,175
4,375,230
1,378,181
4,376,233
1,379,169
3,366,663
3,367,612
3,368,560
3,369,509
3,370,458
3,371,407
3,372,355
3,373,304
3,374,259
1,380,174
4,377,245
4,378,194
3,375,260
1,381,173
4,379,238
1,382,170
4,380,236
1,383,173
3,376,355
4,381,242
4,382,190
1,384,175
3,377,355
4,383,183
1,385,177
3,378,358
1,386,177
3,379,354
4,384,248
1,387,173
3,380,354
4,385,237
4,386,186
1,388,171
3,381,354
3,382,302
3,383,259
1,389,174
4,387,235
4,388,184
1,390,176
1,391,173
3,384,357
4,389,232
1,392,177
3,385,353
4,390,230
1,393,176
3,386,354
3,387,311
4,391,231
1,394,175
4,392,231
1,395,173
3,388,354
4,393,229
1,396,173
3,389,354
4,394,229
4,395,186
1,397,172
3,390,351
3,391,300
1,398,169
4,396,231
1,399,173
3,392,352
4,397,237
1,400,172
3,393,351
4,398,235
1,401,171
3,394,349
4,399,234
1,402,173
3,395,353
4,400,235
4,401,184
1,403,172
3,396,355
3,397,303
3,398,260
1,404,173
3,399,264
4,402,232
4,403,184
1,405,174
3,400,259
4,404,185
1,406,182
1,407,169
4,405,227
4,406,183
1,408,173
3,401,355
1,409,172
3,402,353
1,410,174
4,407,243
4,408,192
3,403,353
1,411,172
3,404,353
4,409,235
1,412,173
3,405,352
4,410,228
4,411,182
1,413,174
3,406,352
4,412,188
1,414,174
3,407,353
3,408,301
3,409,259
4,413,185
1,415,172
1,416,175
4,414,233
1,417,174
3,410,358
3,411,306
3,412,261
4,415,232
4,416,190
1,418,174
1,419,173
4,417,223
4,418,175
1,420,168
3,413,350
3,414,299
3,415,259
4,419,176
1,421,172
3,416,258
1,422,172
3,417,257
4,420,230
1,423,172
4,421,229
1,424,174
4,422,228
1,425,173
3,418,354
4,423,237
4,424,187
1,426,172
3,419,352
3,420,301
3,421,260
4,425,183
1,427,176
3,422,258
4,426,185
1,428,175
3,423,259
4,427,184
1,429,176
3,424,258
1,430,175
3,425,261
4,428,234
1,431,176
3,426,261
4,429,232
1,432,173
4,430,230
4,431,183
1,433,176
3,427,323
4,432,183
1,434,175
1,435,171
3,428,355
4,433,247
4,434,195
1,436,183
3,429,362
4,435,185
1,437,176
3,430,356
4,436,183
3,431,356
3,432,305
1,438,183
1,439,171
4,437,234
4,438,184
3,433,359
3,434,308
1,440,174
3,435,261
4,439,184
1,441,172
1,442,177
4,440,232
3,436,355
1,443,176
4,441,231
3,437,360
1,444,173
4,442,235
3,438,355
1,445,176
3,439,354
4,443,243
4,444,192
1,446,175
3,440,356
3,441,304
1,447,173
4,445,232
1,448,180
4,446,233
3,442,357
1,449,174
4,447,230
3,443,355
3,444,303
1,450,176
4,448,231
4,449,191
1,451,175
3,445,351
1,452,177
4,450,230
3,446,354
1,453,177
4,451,234
3,447,353
3,448,301
1,454,174
3,449,260
4,452,235
4,453,190
1,455,177
4,454,185
1,456,174
4,455,179
3,450,355
3,451,303
1,457,173
4,456,188
1,458,172
4,457,184
3,452,355
3,453,304
1,459,174
1,460,177
4,458,233
3,454,354
1,461,175
4,459,231
3,455,373
3,456,316
1,462,187
4,460,239
1,463,176
4,461,241
4,462,189
3,457,357
1,464,184
4,463,187
1,465,175
3,458,360
4,464,180
3,459,356
3,460,304
1,466,177
4,465,182
1,467,179
3,461,351
3,462,300
1,468,173
3,463,259
4,466,241
1,469,174
3,464,264
4,467,242
4,468,190
1,470,178
3,465,263
4,469,190
1,471,175
3,466,261
1,472,174
4,470,229
1,473,175
4,471,230
3,467,358
1,474,175
4,472,230
4,473,188
3,468,357
1,475,186
4,474,188
3,469,357
1,476,174
4,475,189
3,470,356
3,471,304
1,477,175
3,472,258
4,476,185
1,478,172
4,477,185
1,479,173
3,473,352
1,480,171
4,478,241
4,479,185
1,481,173
3,474,355
3,475,304
4,480,184
1,482,172
1,483,171
3,476,355
3,477,304
3,478,267
4,481,238
1,484,174
3,479,260
4,482,227
4,483,186
1,485,174
3,480,260
4,484,184
1,486,173
3,481,260
4,485,189
1,487,174
3,482,261
1,488,174
3,483,261
4,486,239
4,487,187
1,489,172
3,484,260
1,490,172
3,485,270
4,488,236
4,489,185
1,491,172
3,486,260
4,490,183
1,492,177
4,491,177
1,493,175
4,492,187
3,487,355
1,494,174
4,493,185
3,488,354
3,489,302
1,495,173
3,490,273
4,494,184
1,496,174
4,495,183
1,497,173
3,491,355
1,498,179
4,496,234
3,492,355
3,493,303
1,499,175
3,494,259
4,497,233
1,500,172
4,498,232
1,501,174
4,499,239
1,502,174
3,495,377
3,496,326
3,497,274
4,500,238
4,501,187
1,503,173
3,498,260
4,502,185
1,504,177
3,499,259
1,505,172
3,500,261
4,503,246
1,506,173
4,504,227
4,505,184
1,507,173
4,506,184
1,508,173
3,501,355
4,507,182
3,502,353
1,509,173
4,508,184
1,510,172
3,503,355
1,511,172
3,504,355
4,509,231
4,510,189
1,512,176
3,505,354
1,513,173
4,511,187
3,506,350
3,507,299
3,508,259
1,514,174
3,509,258
4,512,228
1,515,172
4,513,230
4,514,185
1,516,172
4,515,186
1,517,175
3,510,351
4,516,179
1,518,174
3,511,357
1,519,172
4,517,185
3,512,355
3,513,304
4,518,185
1,520,185
3,514,323
3,515,271
1,521,172
3,516,260
4,519,231
1,522,172
4,520,237
1,523,174
4,521,236
4,522,184
1,524,176
3,517,355
1,525,172
4,523,183
3,518,353
1,526,172
3,519,352
4,524,233
1,527,174
3,520,349
3,521,298
1,528,173
4,525,242
1,529,173
4,526,241
3,522,354
1,530,173
4,527,240
4,528,191
3,523,356
3,524,306
3,525,274
1,531,177
4,529,182
1,532,173
1,533,178
4,530,240
3,526,349
3,527,298
3,528,261
1,534,173
4,531,230
1,535,168
4,532,240
4,533,188
1,536,168
4,534,187
3,529,357
1,537,167
4,535,187
3,530,354
1,538,173
4,536,187
3,531,356
1,539,175
4,537,184
3,532,356
1,540,171
4,538,184
3,533,354
1,541,172
4,539,184
3,534,355
1,542,177
4,540,186
3,535,353
1,543,173
4,541,185
3,536,356
3,537,311
3,538,260
1,544,175
4,542,185
1,545,173
1,546,174
4,543,249
3,539,359
3,540,308
1,547,173
4,544,242
1,548,173
4,545,230
4,546,185
3,541,352
1,549,173
4,547,185
3,542,351
1,550,174
4,548,185
3,543,351
1,551,172
4,549,183
3,544,362
1,552,173
4,550,184
3,545,355
1,553,173
4,551,183
3,546,354
1,554,173
3,547,359
1,555,173
4,552,242
4,553,192
3,548,353
1,556,174
4,554,182
3,549,352
1,557,178
3,550,353
1,558,174
4,555,231
3,551,353
3,552,302
3,553,259
1,559,182
4,556,241
1,560,175
3,554,262
4,557,240
3,555,259
1,561,176
4,558,239
1,562,174
4,559,239
1,563,172
4,560,237
4,561,186
3,556,358
3,557,306
1,564,173
3,558,260
4,562,184
1,565,176
3,559,262
4,563,182
1,566,173
3,560,260
1,567,173
4,564,240
1,568,173
4,565,229
3,561,356
1,569,174
4,566,238
1,570,173
3,562,356
3,563,317
4,567,223
4,568,182
1,571,173
3,564,354
3,565,302
1,572,177
3,566,261
4,569,231
1,573,173
4,570,241
1,574,174
4,571,229
1,575,175
3,567,358
4,572,239
1,576,176
3,568,358
4,573,241
1,577,173
3,569,355
3,570,304
3,571,261
4,574,228
1,578,175
3,572,260
4,575,232
1,579,173
4,576,228
1,580,181
4,577,237
4,578,182
1,581,173
3,573,364
3,574,356
3,575,304
1,582,195
4,579,242
1,583,175
4,580,239
4,581,188
3,576,354
1,584,176
4,582,185
3,577,352
3,578,300
1,585,173
3,579,260
4,583,184
1,586,175
3,580,261
4,584,183
1,587,175
4,585,183
1,588,173
4,586,183
3,581,355
1,589,176
3,582,354
1,590,173
4,587,243
4,588,192
3,583,355
1,591,173
3,584,354
1,592,174
4,589,229
3,585,353
3,586,301
1,593,173
3,587,265
4,590,230
4,591,186
1,594,172
3,588,260
4,592,186
1,595,172
3,589,261
4,593,184
1,596,173
3,590,258
4,594,184
1,597,173
3,591,278
4,595,184
1,598,172
3,592,260
1,599,173
3,593,263
4,596,234
4,597,184
1,600,175
3,594,262
1,601,174
3,595,261
4,598,232
1,602,175
3,596,259
4,599,230
1,603,174
3,597,260
4,600,230
1,604,175
4,601,240
1,605,184
4,602,237
3,598,355
1,606,172
4,603,233
3,599,353
1,607,191
3,600,376
3,601,324
4,604,257
3,602,272
1,608,182
4,605,239
1,609,174
4,606,253
4,607,200
1,610,182
3,603,352
3,604,300
4,608,185
3,605,265
1,611,175
4,609,183
3,606,259
1,612,172
3,607,260
1,613,175
4,610,239
3,608,264
1,614,174
4,611,229
1,615,175
4,612,228
4,613,186
1,616,168
3,609,350
1,617,174
4,614,227
3,610,361
1,618,176
3,611,355
4,615,246
1,619,174
3,612,354
4,616,239
4,617,187
1,620,174
3,613,353
1,621,175
3,614,356
4,618,236
1,622,176
3,615,353
4,619,232
4,620,183
1,623,177
3,616,355
1,624,174
4,621,229
3,617,356
3,618,304
1,625,173
4,622,231
1,626,175
3,619,355
4,623,237
4,624,186
1,627,176
3,620,355
4,625,184
1,628,177
3,621,354
4,626,182
1,629,177
3,622,358
3,623,306
1,630,174
4,627,234
1,631,172
3,624,351
4,628,234
1,632,175
3,625,351
4,629,232
1,633,174
3,626,353
3,627,302
4,630,233
3,628,266
1,634,176
4,631,231
3,629,264
4,632,189
1,635,175
3,630,262
1,636,175
3,631,259
4,633,239
4,634,188
1,637,176
3,632,260
1,638,173
4,635,238
4,636,186
1,639,173
4,637,186
1,640,173
3,633,360
4,638,185
1,641,173
3,634,355
1,642,174
3,635,355
4,639,237
4,640,186
1,643,175
4,641,175
3,636,357
3,637,311
3,638,266
1,644,166
4,642,175
3,639,262
1,645,171
4,643,175
3,640,261
1,646,167
4,644,174
3,641,267
1,647,167
4,645,180
3,642,261
1,648,166
4,646,177
3,643,265
1,649,166
4,647,175
3,644,261
1,650,167
4,648,175
3,645,260
1,651,168
4,649,176
3,646,268
1,652,166
4,650,175
3,647,261
1,653,166
4,651,176
3,648,261
1,654,167
4,652,176
3,649,263
1,655,168
4,653,175
3,650,259
1,656,168
4,654,179
3,651,261
1,657,169
4,655,176
3,652,258
1,658,166
4,656,176
3,653,260
1,659,167
4,657,176
1,660,166
4,658,176
1,661,174
4,659,176
3,654,359
3,655,307
3,656,258
1,662,169
4,660,177
3,657,260
1,663,173
4,661,176
3,658,260
1,664,166
4,662,176
3,659,260
1,665,167
4,663,180
3,660,259
1,666,167
4,664,175
3,661,260
1,667,166
4,665,185
1,668,166
4,666,183
1,669,166
3,662,350
3,663,298
4,667,175
3,664,260
1,670,166
4,668,177
3,665,263
1,671,167
4,669,175
3,666,265
1,672,168
4,670,174
3,667,264
1,673,168
4,671,175
3,668,260
1,674,172
4,672,175
3,669,264
1,675,169
4,673,196
1,676,176
3,670,276
4,674,175
1,677,166
3,671,268
4,675,175
3,672,263
1,678,173
4,676,176
1,679,168
3,673,261
4,677,177
1,680,177
4,678,177
1,681,168
4,679,178
3,674,352
3,675,300
1,682,166
3,676,259
4,680,176
1,683,169
3,677,261
4,681,179
3,678,259
1,684,175
4,682,177
1,685,168
3,679,258
4,683,179
1,686,167
3,680,258
4,684,176
1,687,168
3,681,261
4,685,177
1,688,169
3,682,262
4,686,175
1,689,169
3,683,260
4,687,176
1,690,171
3,684,262
4,688,182
1,691,171
3,685,261
4,689,177
1,692,170
3,686,259
4,690,187
3,687,259
1,693,172
4,691,176
1,694,167
3,688,259
4,692,176
1,695,170
3,689,260
4,693,176
1,696,170
3,690,261
4,694,176
1,697,176
3,691,264
4,695,179
1,698,184
3,692,270
4,696,177
3,693,260
1,699,176
4,697,175
1,700,174
3,694,260
4,698,175
1,701,169
3,695,259
4,699,176
1,702,169
3,696,269
4,700,178
1,703,171
3,697,264
4,701,181
1,704,167
3,698,260
1,705,176
4,702,221
4,703,176
1,706,167
4,704,176
3,699,352
3,700,289
1,707,169
3,701,260
4,705,177
1,708,169
3,702,259
4,706,176
1,709,167
3,703,259
4,707,177
1,710,172
3,704,262
1,711,169
3,705,261
4,708,206
4,709,179
1,712,174
3,706,259
4,710,179
1,713,168
3,707,261
4,711,175
1,714,166
3,708,259
4,712,176
1,715,168
3,709,258
4,713,182
1,716,167
3,710,259
4,714,180
1,717,167
3,711,264
1,718,166
4,715,184
3,712,259
4,716,177
1,719,168
3,713,259
1,720,166
4,717,180
3,714,263
1,721,166
4,718,176
3,715,261
4,719,175
1,722,168
3,716,260
4,720,176
1,723,168
3,717,259
4,721,177
1,724,167
3,718,261
4,722,177
1,725,167
3,719,261
4,723,176
1,726,167
3,720,259
4,724,176
1,727,167
3,721,266
4,725,177
1,728,171
3,722,261
1,729,165
4,726,176
3,723,259
4,727,176
1,730,173
3,724,260
4,728,175
1,731,167
3,725,258
4,729,175
1,732,168
3,726,259
4,730,179
1,733,166
3,727,261
4,731,177
1,734,169
3,728,259
4,732,176
1,735,170
3,729,260
4,733,175
1,736,166
3,730,260
4,734,175
1,737,173
3,731,261
4,735,176
1,738,167
3,732,260
4,736,176
1,739,166
3,733,267
4,737,175
1,740,168
3,734,261
4,738,182
1,741,169
3,735,277
1,742,172
3,736,260
4,739,225
4,740,186
1,743,166
3,737,259
4,741,174
1,744,167
3,738,259
4,742,175
1,745,168
3,739,260
4,743,175
1,746,167
3,740,259
4,744,178
1,747,168
3,741,259
4,745,178
1,748,167
3,742,261
4,746,178
1,749,167
3,743,278
4,747,175
1,750,169
3,744,259
4,748,176
1,751,168
3,745,263
4,749,177
1,752,167
3,746,268
4,750,178
1,753,171
3,747,261
4,751,175
1,754,166
3,748,261
4,752,176
1,755,174
3,749,260
4,753,178
1,756,167
3,750,258
4,754,179
1,757,166
3,751,259
4,755,175
1,758,167
3,752,260
4,756,175
1,759,165
3,753,260
4,757,174
1,760,167
3,754,257
4,758,176
1,761,168
3,755,263
4,759,181
1,762,172
3,756,260
4,760,177
1,763,168
3,757,281
4,761,189
1,764,170
3,758,271
4,762,176
1,765,170
3,759,260
1,766,176
3,760,260
1,767,175
3,761,261
1,768,183
1,769,169
1,770,170
3,762,350
1,771,175
3,763,350
3,764,298
1,772,174
1,773,179
3,765,352
1,774,174
3,766,350
4,763,649
4,764,598
4,765,547
4,766,495
4,767,443
4,768,392
4,769,340
4,770,288
4,771,236
4,772,185
1,775,182
3,767,357
1,776,174
3,768,355
4,773,241
1,777,177
3,769,355
3,770,303
3,771,261
4,774,233
1,778,172
3,772,262
4,775,238
1,779,174
3,773,264
4,776,238
1,780,185
3,774,266
4,777,236
1,781,174
4,778,241
1,782,176
4,779,229
1,783,174
3,775,358
3,776,306
3,777,260
4,780,243
4,781,190
1,784,173
1,785,170
4,782,202
1,786,174
3,778,360
3,779,308
4,783,236
4,784,185
1,787,176
1,788,174
3,780,350
4,785,234
1,789,182
3,781,354
4,786,234
1,790,171
3,782,355
4,787,234
1,791,175
3,783,354
4,788,235
1,792,171
3,784,354
4,789,243
4,790,202
1,793,173
3,785,353
1,794,173
3,786,355
4,791,231
1,795,173
3,787,352
4,792,242
4,793,191
1,796,172
3,788,353
1,797,168
3,789,353
3,790,298
4,794,227
1,798,170
4,795,229
1,799,170
3,791,357
3,792,307
3,793,258
4,796,229
1,800,169
4,797,241
1,801,186
4,798,229
1,802,173
3,794,357
4,799,228
1,803,172
3,795,352
3,796,301
4,800,228
1,804,177
4,801,230
1,805,180
3,797,358
3,798,306
3,799,260
4,802,237
1,806,180
3,800,259
4,803,215
4,804,185
1,807,174
3,801,260
4,805,183
1,808,190
4,806,183
1,809,172
4,807,182
1,810,174
3,802,356
3,803,305
1,811,173
4,808,220
1,812,173
3,804,357
4,809,229
1,813,173
3,805,356
4,810,228
3,806,356
1,814,176
4,811,237
4,812,185
3,807,351
3,808,299
1,815,173
4,813,186
1,816,193
1,817,173
3,809,363
3,810,303
3,811,259
4,814,243
1,818,181
4,815,247
1,819,174
4,816,190
4,817,183
1,820,171
3,812,355
3,813,303
4,818,182
1,821,172
4,819,186
1,822,173
3,814,354
3,815,302
3,816,259
1,823,173
4,820,231
1,824,172
4,821,235
4,822,186
3,817,355
1,825,176
3,818,351
4,823,184
1,826,174
4,824,182
3,819,355
1,827,173
3,820,355
1,828,173
4,825,234
3,821,354
1,829,187
4,826,233
3,822,353
3,823,301
1,830,180
4,827,241
1,831,187
4,828,232
3,824,350
3,825,299
1,832,171
3,826,263
3,827,258
1,833,172
4,829,252
4,830,231
3,828,259
1,834,174
4,831,242
1,835,173
3,829,262
4,832,239
3,830,260
1,836,173
4,833,241
4,834,188
3,831,258
1,837,175
4,835,185
3,832,259
1,838,176
1,839,174
4,836,230
1,840,174
3,833,357
3,834,305
4,837,240
3,835,260
1,841,175
4,838,228
4,839,188
3,836,271
1,842,181
4,840,195
1,843,175
4,841,184
1,844,185
3,837,354
3,838,302
3,839,277
4,842,199
1,845,187
1,846,175
4,843,232
4,844,187
1,847,181
3,840,355
4,845,186
1,848,173
3,841,354
3,842,302
3,843,260
4,846,185
1,849,173
3,844,260
4,847,185
1,850,176
3,845,259
4,848,183
1,851,174
1,852,176
4,849,240
1,853,177
3,846,354
1,854,173
4,850,251
3,847,360
4,851,230
4,852,186
1,855,189
3,848,354
4,853,184
1,856,174
3,849,355
3,850,303
3,851,260
4,854,184
1,857,171
3,852,259
4,855,183
1,858,182
3,853,260
4,856,183
1,859,173
3,854,259
4,857,186
1,860,192
4,858,182
1,861,173
1,862,172
3,855,356
4,859,238
4,860,188
1,863,173
3,856,356
1,864,173
3,857,351
3,858,299
4,861,236
4,862,186
3,859,265
1,865,176
4,863,188
3,860,270
1,866,173
4,864,183
1,867,172
1,868,177
3,861,373
3,862,321
4,865,248
1,869,172
4,866,232
1,870,172
3,863,350
4,867,243
4,868,190
1,871,175
3,864,354
1,872,175
3,865,351
3,866,300
3,867,278
4,869,254
4,870,203
1,873,174
4,871,184
3,868,270
1,874,173
4,872,184
1,875,181
4,873,183
1,876,177
3,869,359
1,877,174
3,870,357
4,874,242
4,875,191
1,878,173
3,871,354
1,879,172
3,872,355
3,873,303
4,876,236
4,877,185
1,880,182
1,881,175
3,874,354
3,875,312
3,876,261
4,878,239
4,879,202
1,882,176
3,877,259
1,883,178
4,880,229
1,884,185
4,881,230
1,885,174
3,878,357
4,882,237
1,886,170
3,879,357
3,880,306
4,883,230
1,887,169
4,884,240
4,885,191
1,888,173
3,881,356
1,889,174
3,882,355
4,886,237
1,890,174
3,883,356
4,887,246
4,888,195
1,891,172
3,884,354
4,889,182
1,892,173
3,885,354
1,893,174
3,886,363
3,887,303
4,890,242
1,894,174
4,891,241
1,895,175
3,888,356
4,892,242
1,896,177
3,889,353
4,893,239
1,897,173
3,890,350
3,891,298
4,894,233
1,898,172
4,895,238
1,899,174
3,892,353
3,893,302
3,894,262
4,896,240
4,897,189
1,900,176
4,898,184
1,901,175
4,899,180
1,902,175
3,895,358
1,903,174
3,896,354
3,897,302
4,900,241
1,904,174
4,901,237
4,902,188
1,905,176
3,898,351
3,899,299
3,900,260
4,903,187
1,906,172
4,904,180
1,907,174
4,905,192
1,908,174
3,901,357
3,902,306
3,903,259
1,909,178
4,906,232
1,910,184
4,907,239
1,911,186
3,904,354
4,908,236
4,909,187
1,912,173
3,905,352
3,906,300
4,910,185
1,913,174
4,911,182
1,914,173
3,907,357
3,908,305
1,915,172
4,912,239
4,913,190
1,916,175
3,909,354
3,910,302
4,914,186
1,917,179
4,915,199
1,918,174
3,911,359
3,912,308
3,913,259
1,919,173
4,916,219
1,920,175
4,917,219
1,921,173
3,914,354
4,918,220
1,922,173
3,915,366
4,919,230
4,920,187
1,923,232
3,916,390
3,917,338
3,918,287
1,924,181
1,925,175
4,921,282
4,922,231
4,923,182
1,926,188
3,919,350
3,920,298
3,921,261
1,927,177
3,922,259
4,924,222
1,928,179
3,923,261
4,925,224
1,929,172
4,926,222
3,924,261
1,930,172
4,927,228
1,931,176
3,925,301
4,928,221
1,932,174
4,929,219
1,933,172
3,926,353
1,934,174
4,930,238
3,927,349
4,931,234
4,932,185
1,935,180
3,928,351
1,936,173
4,933,183
3,929,353
1,937,172
3,930,353
4,934,230
1,938,174
3,931,354
3,932,302
3,933,259
4,935,228
1,939,171
3,934,265
4,936,230
1,940,173
4,937,185
1,941,175
4,938,191
1,942,180
4,939,198
3,935,355
1,943,187
3,936,355
3,937,301
1,944,172
4,940,252
4,941,200
1,945,178
3,938,352
3,939,301
4,942,228
1,946,180
4,943,237
1,947,179
3,940,355
3,941,314
4,944,230
1,948,192
4,945,219
1,949,172
3,942,354
4,946,218
1,950,182
4,947,188
3,943,357
1,951,173
4,948,186
3,944,356
1,952,173
4,949,194
3,945,356
1,953,173
4,950,185
3,946,355
1,954,172
3,947,354
4,951,220
1,955,170
3,948,353
1,956,176
4,952,233
3,949,354
1,957,170
4,953,226
3,950,352
3,951,300
1,958,174
4,954,231
1,959,173
4,955,230
3,952,353
3,953,301
3,954,259
1,960,174
4,956,230
3,955,260
1,961,178
4,957,237
3,956,259
1,962,172
4,958,227
4,959,202
1,963,181
1,964,175
4,960,229
4,961,180
3,957,355
1,965,176
3,958,354
3,959,302
4,962,229
1,966,178
4,963,226
1,967,176
3,960,354
4,964,235
1,968,190
3,961,355
1,969,173
4,965,235
3,962,351
1,970,173
4,966,240
3,963,348
3,964,296
3,965,261
1,971,173
4,967,240
1,972,174
4,968,240
1,973,174
4,969,229
4,970,186
3,966,357
1,974,172
4,971,185
3,967,365
1,975,174
3,968,354
1,976,172
4,972,234
3,969,352
1,977,175
4,973,241
3,970,352
1,978,177
4,974,239
4,975,189
3,971,355
3,972,303
1,979,170
4,976,187
1,980,175
3,973,351
1,981,172
4,977,220
4,978,186
3,974,356
3,975,307
1,982,175
4,979,189
1,983,174
3,976,354
3,977,302
1,984,175
4,980,238
1,985,177
4,981,240
4,982,188
3,978,356
3,979,304
1,986,175
4,983,183
1,987,174
4,984,182
3,980,354
1,988,174
4,985,182
3,981,354
1,989,173
3,982,355
1,990,173
4,986,236
3,983,357
1,991,175
4,987,232
3,984,350
3,985,298
3,986,259
1,992,173
4,988,232
3,987,265
1,993,173
4,989,240
4,990,198
1,994,172
4,991,183
1,995,174
4,992,183
3,988,370
1,996,176
3,989,359
1,997,172
4,993,223
3,990,356
4,994,230
1,998,172
3,991,353
1,999,174
3,992,350
4,995,238
4,996,187
1,1000,174
4,997,186
3,993,358
3,994,306
1,1001,174
4,998,185
1,1002,174
4,999,182
3,995,403
3,996,351
3,997,301
4,1000,197
1,1003,191
3,998,259
1,1004,174
4,1001,201
4,1002,186
1,1005,182
1,1006,172
4,1003,184
3,999,357
3,1000,302
3,1001,262
1,1007,170
4,1004,184
1,1008,175
4,1005,224
1,1009,173
3,1002,356
1,1010,172
4,1006,243
4,1007,192
3,1003,357
1,1011,176
3,1004,356
4,1008,230
1,1012,173
3,1005,358
4,1009,239
1,1013,175
3,1006,352
3,1007,301
1,1014,171
4,1010,240
4,1011,229
1,1015,171
3,1008,350
3,1009,299
3,1010,259
4,1012,234
1,1016,181
3,1011,259
4,1013,228
1,1017,173
4,1014,196
4,1015,205
1,1018,207
1,1019,171
3,1012,353
4,1016,218
1,1020,173
3,1013,359
1,1021,173
4,1017,235
4,1018,183
3,1014,357
3,1015,305
3,1016,259
1,1022,171
4,1019,182
3,1017,260
1,1023,171
3,1018,259
1,1024,174
4,1020,232
4,1021,187
1,1025,172
1,1026,173
4,1022,237
3,1019,351
3,1020,300
1,1027,172
4,1023,235
4,1024,183
1,1028,174
4,1025,183
3,1021,355
1,1029,172
3,1022,354
3,1023,302
3,1024,267
1,1030,172
4,1026,238
1,1031,174
4,1027,236
4,1028,185
3,1025,327
1,1032,173
4,1029,181
1,1033,173
3,1026,352
3,1027,301
3,1028,258
1,1034,173
4,1030,241
3,1029,258
1,1035,172
4,1031,245
3,1030,262
1,1036,172
4,1032,239
4,1033,187
1,1037,171
4,1034,215
1,1038,174
4,1035,184
3,1031,356
3,1032,304
1,1039,172
4,1036,184
3,1033,351
3,1034,299
1,1040,192
3,1035,262
1,1041,172
4,1037,234
4,1038,204
3,1036,261
1,1042,174
4,1039,235
1,1043,187
1,1044,173
3,1037,352
3,1038,301
4,1040,254
1,1045,174
4,1041,238
4,1042,189
1,1046,173
3,1039,355
4,1043,183
1,1047,171
3,1040,352
3,1041,300
4,1044,183
3,1042,260
1,1048,174
4,1045,182
3,1043,260
1,1049,173
3,1044,260
1,1050,177
4,1046,239
1,1051,172
4,1047,238
1,1052,172
3,1045,355
4,1048,235
4,1049,184
1,1053,174
3,1046,355
1,1054,174
3,1047,355
4,1050,248
1,1055,173
3,1048,350
4,1051,239
1,1056,174
3,1049,350
3,1050,298
4,1052,242
4,1053,191
3,1051,266
1,1057,173
1,1058,172
4,1054,234
4,1055,194
1,1059,183
3,1052,361
4,1056,186
1,1060,172
3,1053,350
3,1054,299
4,1057,186
1,1061,172
4,1058,187
1,1062,172
3,1055,354
4,1059,183
1,1063,172
3,1056,355
1,1064,172
4,1060,226
3,1057,356
1,1065,172
3,1058,353
4,1061,238
4,1062,186
1,1066,171
3,1059,356
4,1063,187
1,1067,173
3,1060,355
4,1064,182
1,1068,172
3,1061,351
1,1069,174
3,1062,351
4,1065,247
1,1070,173
3,1063,365
3,1064,303
4,1066,232
4,1067,185
1,1071,172
4,1068,188
1,1072,173
3,1065,351
3,1066,299
3,1067,261
4,1069,188
1,1073,173
3,1068,264
1,1074,174
4,1070,235
3,1069,267
4,1071,188
1,1075,178
3,1070,261
4,1072,185
1,1076,177
4,1073,185
1,1077,181
4,1074,184
1,1078,173
3,1071,357
3,1072,305
3,1073,261
4,1075,197
1,1079,175
3,1074,261
1,1080,173
4,1076,228
4,1077,186
1,1081,174
4,1078,197
1,1082,172
3,1075,352
3,1076,300
3,1077,272
4,1079,192
1,1083,172
1,1084,177
3,1078,294
1,1085,173
4,1080,271
4,1081,219
1,1086,173
3,1079,357
3,1080,305
4,1082,224
1,1087,172
4,1083,233
4,1084,192
1,1088,174
3,1081,353
1,1089,172
3,1082,351
4,1085,239
1,1090,172
3,1083,355
4,1086,238
4,1087,186
1,1091,176
3,1084,355
4,1088,191
1,1092,173
3,1085,353
4,1089,183
3,1086,355
3,1087,304
1,1093,186
3,1088,269
4,1090,203
1,1094,174
1,1095,173
4,1091,238
1,1096,175
3,1089,360
4,1092,237
1,1097,176
3,1090,360
3,1091,308
4,1093,229
4,1094,190
1,1098,172
4,1095,188
3,1092,351
1,1099,177
4,1096,187
3,1093,350
3,1094,298
3,1095,263
1,1100,175
4,1097,185
3,1096,260
1,1101,174
4,1098,183
3,1097,259
1,1102,175
4,1099,183
1,1103,175
1,1104,177
4,1100,240
3,1098,354
1,1105,186
4,1101,233
3,1099,355
3,1100,303
1,1106,174
4,1102,255
4,1103,187
1,1107,169
3,1101,350
1,1108,172
3,1102,353
4,1104,238
4,1105,190
1,1109,174
3,1103,352
4,1106,185
1,1110,175
3,1104,352
3,1105,300
4,1107,183
1,1111,173
1,1112,175
3,1106,351
3,1107,299
4,1108,232
1,1113,174
4,1109,241
1,1114,177
3,1108,350
4,1110,250
1,1115,181
3,1109,354
3,1110,301
4,1111,233
3,1111,264
1,1116,178
3,1112,259
4,1112,251
4,1113,199
1,1117,184
1,1118,188
3,1113,300
4,1114,241
4,1115,189
1,1119,175
1,1120,174
4,1116,238
4,1117,185
3,1114,364
3,1115,301
1,1121,180
4,1118,184
1,1122,174
3,1116,356
3,1117,304
4,1119,195
3,1118,260
1,1123,173
4,1120,184
1,1124,173
3,1119,261
4,1121,203
1,1125,175
4,1122,184
1,1126,177
3,1120,355
3,1121,303
3,1122,259
1,1127,172
4,1123,220
4,1124,182
1,1128,175
1,1129,174
4,1125,243
4,1126,192
3,1123,356
1,1130,174
3,1124,353
3,1125,301
1,1131,172
4,1127,252
1,1132,176
3,1126,349
4,1128,235
1,1133,173
3,1127,353
3,1128,301
4,1129,237
4,1130,186
1,1134,175
4,1131,186
1,1135,173
3,1129,356
3,1130,305
4,1132,186
1,1136,172
1,1137,172
3,1131,355
4,1133,231
1,1138,179
3,1132,354
3,1133,302
3,1134,260
4,1134,240
1,1139,174
4,1135,237
4,1136,186
1,1140,184
4,1137,183
1,1141,177
3,1135,355
3,1136,303
4,1138,183
1,1142,176
1,1143,186
3,1137,363
3,1138,312
4,1139,241
1,1144,174
4,1140,237
4,1141,187
1,1145,174
3,1139,351
3,1140,299
4,1142,184
1,1146,172
4,1143,183
1,1147,178
3,1141,352
3,1142,300
3,1143,259
1,1148,175
4,1144,230
3,1144,259
1,1149,174
4,1145,238
4,1146,187
1,1150,173
4,1147,186
1,1151,176
4,1148,187
3,1145,358
1,1152,174
3,1146,354
1,1153,176
4,1149,236
3,1147,353
4,1150,193
1,1154,174
3,1148,351
3,1149,299
4,1151,186
3,1150,260
1,1155,185
4,1152,183
1,1156,175
1,1157,173
3,1151,350
4,1153,243
4,1154,191
1,1158,173
3,1152,357
1,1159,173
4,1155,240
3,1153,354
3,1154,319
1,1160,177
4,1156,238
1,1161,174
4,1157,239
4,1158,188
3,1155,353
1,1162,174
4,1159,185
3,1156,352
3,1157,300
3,1158,261
1,1163,173
4,1160,183
3,1159,262
1,1164,173
4,1161,194
3,1160,273
1,1165,173
1,1166,172
4,1162,239
3,1161,298
1,1167,181
4,1163,239
4,1164,188
1,1168,174
3,1162,350
1,1169,175
4,1165,239
3,1163,350
3,1164,298
1,1170,175
4,1166,232
4,1167,188
1,1171,173
4,1168,180
3,1165,367
1,1172,173
3,1166,370
1,1173,173
4,1169,237
3,1167,352
3,1168,300
4,1170,220
1,1174,175
4,1171,184
1,1175,174
3,1169,356
1,1176,173
4,1172,237
3,1170,355
3,1171,303
4,1173,225
1,1177,173
4,1174,185
1,1178,176
3,1172,357
1,1179,172
4,1175,246
4,1176,212
3,1173,357
4,1177,184
1,1180,200
3,1174,351
4,1178,183
1,1181,184
3,1175,350
3,1176,298
3,1177,260
1,1182,175
3,1178,261
4,1179,221
1,1183,174
4,1180,241
1,1184,173
4,1181,230
1,1185,176
3,1179,354
4,1182,227
1,1186,172
3,1180,353
4,1183,226
1,1187,174
3,1181,353
4,1184,236
4,1185,186
1,1188,174
3,1182,353
1,1189,173
3,1183,352
3,1184,300
4,1186,222
3,1185,260
4,1187,183
1,1190,187
1,1191,182
1,1192,175
4,1188,251
3,1186,355
4,1189,238
1,1193,184
4,1190,209
3,1187,355
3,1188,320
3,1189,268
1,1194,174
4,1191,229
1,1195,174
4,1192,228
1,1196,196
3,1190,372
1,1197,177
4,1193,238
3,1191,357
1,1198,179
4,1194,239
3,1192,353
4,1195,226
1,1199,178
4,1196,183
3,1193,354
1,1200,175
3,1194,353
3,1195,301
4,1197,233
1,1201,175
4,1198,244
3,1196,357
4,1199,240
3,1197,357
4,1200,249
3,1198,354
4,1201,238
3,1199,375
3,1200,323
4,1202,243
4,1203,244
3,1201,371
3,1202,320
3,1203,269
4,1204,243
4,1205,192
3,1204,260
4,1206,239
4,1207,189
1,1202,619
1,1203,567
1,1204,516
1,1205,464
1,1206,413
1,1207,361
1,1208,309
1,1209,257
1,1210,205
1,1211,175
3,1205,354
3,1206,302
1,1212,173
4,1208,248
4,1209,229
1,1213,184
3,1207,356
1,1214,172
4,1210,239
3,1208,354
4,1211,227
1,1215,173
3,1209,357
4,1212,227
1,1216,176
4,1213,194
3,1210,354
1,1217,173
3,1211,352
3,1212,300
4,1214,232
3,1213,267
1,1218,178
3,1214,258
1,1219,175
4,1215,261
4,1216,193
1,1220,174
1,1221,175
4,1217,229
3,1215,356
3,1216,304
1,1222,174
4,1218,247
1,1223,174
4,1219,234
4,1220,184
3,1217,355
1,1224,174
4,1221,183
3,1218,354
1,1225,174
3,1219,353
3,1220,301
1,1226,173
4,1222,238
1,1227,172
4,1223,235
4,1224,184
3,1221,354
1,1228,171
3,1222,356
1,1229,176
4,1225,253
4,1226,208
3,1223,362
1,1230,178
3,1224,356
3,1225,303
1,1231,177
4,1227,233
1,1232,181
4,1228,243
3,1226,356
3,1227,304
1,1233,175
3,1228,261
4,1229,252
1,1234,175
3,1229,261
4,1230,231
1,1235,173
3,1230,261
4,1231,231
4,1232,185
1,1236,171
1,1237,174
4,1233,239
3,1231,355
1,1238,173
4,1234,238
3,1232,356
1,1239,177
4,1235,236
4,1236,186
3,1233,354
1,1240,175
3,1234,354
3,1235,302
1,1241,175
4,1237,234
1,1242,176
4,1238,243
3,1236,352
3,1237,301
1,1243,175
3,1238,270
4,1239,240
1,1244,173
3,1239,259
4,1240,250
4,1241,191
1,1245,176
4,1242,189
1,1246,174
3,1240,375
1,1247,188
3,1241,334
4,1243,235
4,1244,224
3,1242,350
3,1243,298
4,1245,240
4,1246,237
3,1244,354
3,1245,303
3,1246,259
4,1247,238
4,1248,188
3,1247,260
4,1249,185
3,1248,260
4,1250,238
4,1251,185
3,1249,355
1,1248,621
1,1249,568
1,1250,517
1,1251,464
1,1252,413
1,1253,361
1,1254,309
1,1255,256
1,1256,205
1,1257,175
3,1250,359
4,1252,241
3,1251,355
1,1258,175
4,1253,237
1,1259,173
3,1252,355
4,1254,237
4,1255,186
3,1253,357
1,1260,175
4,1256,186
4,1257,183
1,1261,177
3,1254,356
3,1255,305
3,1256,259
1,1262,175
4,1258,187
4,1259,183
1,1263,173
4,1260,182
1,1264,176
3,1257,356
3,1258,289
3,1259,260
1,1265,175
4,1261,231
1,1266,187
4,1262,235
1,1267,189
3,1260,355
1,1268,174
4,1263,239
4,1264,187
3,1261,354
1,1269,173
4,1265,186
3,1262,355
3,1263,304
3,1264,259
1,1270,173
4,1266,183
1,1271,178
1,1272,174
4,1267,241
4,1268,190
3,1265,357
3,1266,318
1,1273,176
4,1269,229
1,1274,175
4,1270,189
3,1267,351
3,1268,299
3,1269,260
1,1275,174
3,1270,262
1,1276,187
4,1271,245
3,1271,262
1,1277,177
4,1272,237
4,1273,185
1,1278,173
4,1274,183
1,1279,172
4,1275,192
3,1272,355
1,1280,172
3,1273,356
4,1276,216
1,1281,176
4,1277,200
3,1274,355
1,1282,172
4,1278,175
3,1275,349
3,1276,297
3,1277,261
1,1283,169
4,1279,178
3,1278,260
1,1284,172
4,1280,177
3,1279,275
1,1285,173
4,1281,183
3,1280,263
1,1286,168
4,1282,175
3,1281,259
1,1287,169
4,1283,178
1,1288,172
3,1282,277
4,1284,194
3,1283,260
1,1289,168
4,1285,178
3,1284,260
1,1290,175
4,1286,176
3,1285,262
1,1291,169
4,1287,194
3,1286,260
1,1292,171
3,1287,260
1,1293,170
4,1288,219
4,1289,195
3,1288,259
1,1294,168
4,1290,177
1,1295,169
4,1291,175
3,1289,281
3,1290,260
1,1296,169
4,1292,178
3,1291,259
1,1297,170
1,1298,172
4,1293,223
4,1294,177
3,1292,264
1,1299,173
4,1295,178
3,1293,261
1,1300,167
4,1296,176
3,1294,261
1,1301,170
4,1297,177
3,1295,263
1,1302,167
4,1298,178
3,1296,263
1,1303,174
4,1299,179
3,1297,261
1,1304,177
3,1298,271
4,1300,197
1,1305,168
3,1299,263
4,1301,228
1,1306,192
4,1302,198
1,1307,170
3,1300,312
4,1303,176
3,1301,270
1,1308,166
3,1302,260
4,1304,174
1,1309,167
3,1303,260
4,1305,175
1,1310,168
4,1306,175
3,1304,278
1,1311,170
3,1305,260
4,1307,198
1,1312,168
3,1306,260
4,1308,176
1,1313,167
3,1307,259
4,1309,189
1,1314,170
3,1308,260
4,1310,176
1,1315,170
3,1309,261
4,1311,176
1,1316,168
3,1310,259
4,1312,215
1,1317,173
3,1311,260
4,1313,176
1,1318,177
3,1312,265
1,1319,174
4,1314,221
3,1313,307
1,1320,172
4,1315,221
3,1314,261
4,1316,179
1,1321,171
3,1315,260
4,1317,176
1,1322,169
3,1316,259
4,1318,177
1,1323,169
3,1317,259
4,1319,175
1,1324,170
3,1318,261
4,1320,174
1,1325,171
3,1319,264
4,1321,178
1,1326,170
3,1320,262
4,1322,181
1,1327,185
4,1323,178
1,1328,177
4,1324,177
3,1321,351
3,1322,299
3,1323,263
1,1329,182
4,1325,191
3,1324,261
1,1330,178
3,1325,260
4,1326,227
1,1331,189
4,1327,192
3,1326,261
1,1332,171
4,1328,179
3,1327,262
1,1333,171
4,1329,179
3,1328,260
1,1334,171
4,1330,179
1,1335,171
3,1329,281
4,1331,179
3,1330,260
1,1336,167
4,1332,179
3,1331,260
1,1337,168
4,1333,177
3,1332,261
1,1338,168
4,1334,178
3,1333,265
1,1339,172
4,1335,175
3,1334,263
1,1340,168
4,1336,177
3,1335,262
1,1341,175
4,1337,192
3,1336,261
1,1342,169
4,1338,191
3,1337,262
1,1343,173
4,1339,197
3,1338,259
1,1344,172
4,1340,181
3,1339,261
1,1345,176
4,1341,180
3,1340,262
1,1346,174
4,1342,178
3,1341,262
1,1347,173
4,1343,180
3,1342,264
1,1348,176
4,1344,178
3,1343,261
1,1349,171
4,1345,177
3,1344,261
1,1350,169
4,1346,181
3,1345,263
1,1351,174
4,1347,179
3,1346,262
1,1352,187
4,1348,175
3,1347,264
1,1353,175
4,1349,178
3,1348,261
1,1354,166
3,1349,262
1,1355,174
4,1350,224
4,1351,178
1,1356,170
4,1352,175
1,1357,165
3,1350,351
3,1351,299
4,1353,175
3,1352,269
1,1358,173
4,1354,179
3,1353,263
1,1359,169
4,1355,177
3,1354,268
1,1360,170
4,1356,175
3,1355,276
1,1361,170
4,1357,176
3,1356,259
1,1362,174
4,1358,178
3,1357,261
1,1363,170
4,1359,178
3,1358,269
1,1364,175
4,1360,175
3,1359,262
1,1365,172
4,1361,175
3,1360,259
1,1366,177
4,1362,192
3,1361,259
1,1367,185
4,1363,191
3,1362,263
1,1368,170
4,1364,197
3,1363,263
1,1369,169
4,1365,178
3,1364,261
1,1370,172
3,1365,264
1,1371,169
4,1366,197
4,1367,179
3,1366,263
1,1372,175
1,1373,170
3,1367,276
4,1368,201
4,1369,181
3,1368,267
1,1374,176
4,1370,175
3,1369,260
1,1375,173
4,1371,177
1,1376,173
4,1372,178
1,1377,184
4,1373,177
1,1378,168
3,1370,371
3,1371,319
3,1372,268
4,1374,176
3,1373,260
1,1379,175
4,1375,176
3,1374,260
1,1380,168
4,1376,177
3,1375,262
1,1381,168
4,1377,178
3,1376,262
1,1382,170
4,1378,176
3,1377,262
1,1383,170
4,1379,178
3,1378,261
1,1384,166
4,1380,180
3,1379,262
1,1385,167
4,1381,177
3,1380,261
1,1386,166
4,1382,175
3,1381,266
1,1387,167
4,1383,176
3,1382,260
1,1388,169
4,1384,176
3,1383,261
1,1389,171
4,1385,176
3,1384,261
1,1390,171
4,1386,175
1,1391,166
1,1392,167
4,1387,194
3,1385,353
3,1386,301
4,1388,176
3,1387,264
1,1393,168
1,1394,170
4,1389,198
3,1388,279
3,1389,260
4,1390,178
1,1395,172
3,1390,261
4,1391,177
1,1396,176
3,1391,260
1,1397,171
4,1392,197
3,1392,260
4,1393,179
1,1398,176
3,1393,264
4,1394,176
1,1399,169
3,1394,261
4,1395,177
1,1400,172
3,1395,261
4,1396,176
1,1401,169
3,1396,262
4,1397,177
1,1402,171
3,1397,262
4,1398,177
1,1403,168
3,1398,262
4,1399,179
1,1404,174
3,1399,261
4,1400,193
1,1405,175
3,1400,260
4,1401,177
1,1406,170
3,1401,263
1,1407,170
4,1402,180
3,1402,260
4,1403,175
1,1408,170
3,1403,268
1,1409,167
4,1404,177
3,1404,261
1,1410,167
4,1405,179
3,1405,261
1,1411,169
4,1406,180
3,1406,262
4,1407,176
1,1412,174
3,1407,261
4,1408,177
1,1413,169
3,1408,260
1,1414,169
4,1409,178
3,1409,260
1,1415,173
4,1410,180
3,1410,259
1,1416,167
4,1411,176
3,1411,261
4,1412,176
1,1417,174
3,1412,261
1,1418,167
3,1413,276
4,1413,226
1,1419,170
4,1414,176
3,1414,260
1,1420,169
4,1415,177
3,1415,269
4,1416,175
1,1421,170
3,1416,260
1,1422,169
4,1417,177
3,1417,260
1,1423,168
4,1418,177
1,1424,166
3,1418,283
4,1419,178
3,1419,260
4,1420,177
1,1425,170
3,1420,259
4,1421,181
1,1426,174
3,1421,260
4,1422,176
1,1427,169
3,1422,261
4,1423,175
1,1428,169
3,1423,261
4,1424,176
1,1429,172
3,1424,260
1,1430,173
4,1425,194
3,1425,259
4,1426,174
1,1431,169
3,1426,263
4,1427,179
1,1432,169
3,1427,263
4,1428,177
1,1433,171
3,1428,268
4,1429,183
1,1434,168
3,1429,261
4,1430,175
1,1435,170
3,1430,262
4,1431,176
1,1436,171
3,1431,278
4,1432,175
1,1437,166
3,1432,262
4,1433,176
1,1438,167
3,1433,260
4,1434,175
1,1439,170
3,1434,260
4,1435,186
1,1440,170
3,1435,259
4,1436,177
1,1441,169
3,1436,261
4,1437,183
1,1442,173
3,1437,260
1,1443,167
4,1438,215
3,1438,282
1,1444,170
4,1439,178
3,1439,261
1,1445,167
4,1440,175
3,1440,261
4,1441,175
1,1446,179
3,1441,260
1,1447,170
4,1442,177
3,1442,263
1,1448,167
4,1443,176
3,1443,261
1,1449,168
4,1444,177
3,1444,262
1,1450,166
4,1445,177
3,1445,260
1,1451,175
4,1446,182
3,1446,261
1,1452,166
4,1447,177
3,1447,260
1,1453,168
4,1448,177
3,1448,259
4,1449,176
1,1454,176
3,1449,265
4,1450,176
1,1455,173
3,1450,261
4,1451,176
1,1456,169
3,1451,262
4,1452,175
1,1457,171
3,1452,262
4,1453,175
1,1458,185
3,1453,260
4,1454,178
1,1459,170
3,1454,261
4,1455,177
1,1460,192
4,1456,182
3,1455,289
1,1461,169
3,1456,262
4,1457,177
1,1462,167
3,1457,260
4,1458,175
1,1463,170
3,1458,263
4,1459,176
1,1464,169
3,1459,265
4,1460,186
1,1465,169
3,1460,262
4,1461,176
1,1466,167
3,1461,262
4,1462,185
1,1467,174
3,1462,260
1,1468,169
3,1463,262
4,1463,226
4,1464,177
1,1469,172
3,1464,262
4,1465,196
1,1470,189
3,1465,262
1,1471,169
3,1466,271
1,1472,170
3,1467,261
1,1473,173
3,1468,259
1,1474,169
3,1469,277
3,1470,262
1,1475,221
1,1476,170
3,1471,259
1,1477,171
3,1472,264
1,1478,169
3,1473,262
1,1479,171
4,1466,671
4,1467,620
4,1468,568
4,1469,515
4,1470,464
4,1471,412
4,1472,360
4,1473,308
4,1474,255
3,1474,296
4,1475,203
1,1480,190
3,1475,267
4,1476,181
1,1481,169
3,1476,262
4,1477,186
1,1482,175
3,1477,261
4,1478,176
1,1483,169
3,1478,260
4,1479,177
1,1484,168
3,1479,265
4,1480,176
1,1485,170
3,1480,260
1,1486,168
4,1481,198
3,1481,260
4,1482,175
1,1487,173
3,1482,263
4,1483,176
1,1488,170
3,1483,260
4,1484,176
1,1489,175
3,1484,260
4,1485,178
1,1490,167
3,1485,259
4,1486,176
1,1491,166
3,1486,259
1,1492,166
4,1487,216
3,1487,261
4,1488,178
1,1493,168
3,1488,260
1,1494,168
4,1489,198
3,1489,271
1,1495,168
4,1490,176
3,1490,260
1,1496,170
4,1491,178
3,1491,272
1,1497,171
4,1492,178
3,1492,260
4,1493,179
1,1498,177
3,1493,260
1,1499,174
4,1494,180
3,1494,277
1,1500,173
4,1495,178
3,1495,281
4,1496,177
1,1501,175
3,1496,266
1,1502,169
4,1497,177
3,1497,262
4,1498,176
1,1503,174
3,1498,261
1,1504,170
4,1499,177
3,1499,260
1,1505,171
4,1500,180
3,1500,262
1,1506,167
4,1501,180
4,1502,179
1,1507,176
4,1503,177
1,1508,173
3,1501,356
3,1502,305
3,1503,267
1,1509,169
4,1504,178
3,1504,268
1,1510,172
4,1505,181
3,1505,263
1,1511,171
4,1506,179
3,1506,261
1,1512,169
4,1507,177
3,1507,261
1,1513,166
4,1508,177
3,1508,263
1,1514,168
4,1509,178
3,1509,263
4,1510,178
1,1515,174
3,1510,261
4,1511,175
1,1516,171
3,1511,260
4,1512,177
1,1517,176
3,1512,263
1,1518,168
4,1513,179
3,1513,261
4,1514,176
1,1519,173
3,1514,260
4,1515,191
1,1520,177
3,1515,261
4,1516,179
1,1521,169
3,1516,264
4,1517,194
1,1522,175
3,1517,260
4,1518,175
1,1523,169
3,1518,258
4,1519,177
1,1524,168
3,1519,262
4,1520,180
1,1525,169
3,1520,260
4,1521,175
1,1526,167
4,1522,178
3,1521,275
1,1527,166
3,1522,260
4,1523,175
1,1528,172
3,1523,262
4,1524,180
1,1529,167
3,1524,284
4,1525,188
1,1530,193
3,1525,262
1,1531,172
3,1526,260
4,1526,230
4,1527,180
1,1532,176
3,1527,261
1,1533,171
4,1528,178
3,1528,263
1,1534,174
4,1529,181
3,1529,274
4,1530,177
1,1535,173
3,1530,261
1,1536,169
4,1531,178
3,1531,262
4,1532,178
1,1537,175
3,1532,277
4,1533,177
1,1538,168
3,1533,259
4,1534,177
1,1539,169
3,1534,260
4,1535,176
1,1540,171
3,1535,262
4,1536,179
1,1541,170
3,1536,259
4,1537,178
1,1542,179
3,1537,265
1,1543,169
3,1538,259
4,1538,225
4,1539,177
1,1544,169
3,1539,262
4,1540,190
1,1545,169
3,1540,260
4,1541,175
1,1546,169
3,1541,261
4,1542,175
1,1547,167
3,1542,260
4,1543,181
1,1548,172
3,1543,262
4,1544,177
1,1549,169
3,1544,262
4,1545,175
1,1550,168
3,1545,263
4,1546,177
1,1551,169
4,1547,176
3,1546,271
1,1552,172
3,1547,263
4,1548,177
1,1553,169
3,1548,261
4,1549,177
1,1554,167
3,1549,260
4,1550,193
1,1555,186
3,1550,262
1,1556,169
3,1551,260
4,1551,231
1,1557,173
3,1552,261
4,1552,206
4,1553,178
1,1558,170
3,1553,263
4,1554,178
1,1559,170
3,1554,275
4,1555,182
1,1560,175
3,1555,259
4,1556,181
1,1561,174
3,1556,265
4,1557,176
1,1562,178
3,1557,261
4,1558,178
1,1563,174
3,1558,259
4,1559,178
1,1564,183
3,1559,264
4,1560,177
1,1565,173
3,1560,262
4,1561,177
1,1566,171
4,1562,179
1,1567,175
4,1563,176
1,1568,247
3,1561,423
3,1562,370
3,1563,318
4,1564,206
1,1569,185
3,1564,270
3,1565,261
4,1565,212
1,1570,191
4,1566,190
3,1566,261
1,1571,179
4,1567,178
1,1572,170
3,1567,268
4,1568,177
1,1573,168
3,1568,259
4,1569,176
1,1574,171
3,1569,262
4,1570,175
1,1575,168
3,1570,266
4,1571,178
1,1576,169
3,1571,260
4,1572,177
1,1577,169
3,1572,262
4,1573,176
1,1578,169
3,1573,260
4,1574,177
1,1579,169
3,1574,262
1,1580,169
4,1575,197
3,1575,282
4,1576,178
1,1581,168
3,1576,262
1,1582,169
4,1577,200
3,1577,262
1,1583,173
4,1578,177
3,1578,262
1,1584,168
4,1579,178
3,1579,261
1,1585,173
4,1580,179
3,1580,265
1,1586,168
4,1581,178
3,1581,263
1,1587,167
4,1582,177
3,1582,263
1,1588,172
4,1583,178
3,1583,264
1,1589,177
4,1584,182
3,1584,262
1,1590,170
3,1585,263
4,1585,227
4,1586,176
1,1591,179
4,1587,175
1,1592,172
1,1593,169
3,1586,356
3,1587,305
4,1588,180
3,1588,278
4,1589,179
1,1594,173
3,1589,260
4,1590,195
1,1595,192
3,1590,275
4,1591,175
1,1596,173
3,1591,262
4,1592,179
1,1597,179
3,1592,275
4,1593,178
1,1598,169
3,1593,259
1,1599,168
4,1594,178
3,1594,266
4,1595,176
3,1595,282
4,1596,177
3,1596,259
4,1597,177
3,1597,260
4,1598,176
3,1598,259
4,1599,178
3,1599,259
